<nav search_view="search">
  <collection label="Training Tutorials">
  	<collection label="SPL Display Tutorials">
      <a href="search?q=%60%60%60%20ctrl%20shift%20f%20%60%60%60index%3Dlame_training%20sourcetype%3Dlame_http%20%7C%20head%20100%20%7C%20stats%20sum(bytes_in)%20as%20bytes_in%20count%20by%20url%2C%20src%20%7C%20sort%20bytes_in&amp;earliest=-24h@h&amp;latest=now">Line Formatting</a>
      <a href="search?q=%60%60%60%20ctrl%20shift%20e%20OR%20cmd%20shift%20e%60%60%60index%3Dlame_training%20sourcetype%3Dlame_http%20%60trainingMacro%60%20%7C%20stats%20sum(bytes_in)%20as%20bytes_in%20count%20by%20url%2C%20src%20%7C%20sort%20bytes_in&amp;earliest=-24h@h&amp;latest=now">Expand Macros</a>
		     

    </collection>
    <collection label="L.A.M.E. EDU Help Topics">
      <view source="all" match="help"/> 
    </collection>
  </collection>
  
  <collection label="Splunk">
  	 <view name="search" default='true' />
 	 <view name="analytics_workspace" />
 	 <view name="datasets" />
  	 <view name="reports" />
  	 <view name="alerts" />
  	 <view name="dashboards" />
  </collection>
  
  
  
</nav>